{"textures": {"layer1": "items/leather_boots_overlay", "layer0": "items/leather_boots"}, "overrides": [{"predicate": {"damaged": 0, "damage": 0.015625}, "model": "block/l1_1"}, {"predicate": {"damaged": 0, "damage": 0.03125}, "model": "block/l1_2"}, {"predicate": {"damaged": 0, "damage": 0.046875}, "model": "block/l1_3"}, {"predicate": {"damaged": 0, "damage": 0.0625}, "model": "block/l1_4"}, {"predicate": {"damaged": 0, "damage": 0.078125}, "model": "block/l1_5"}, {"predicate": {"damaged": 0, "damage": 0.09375}, "model": "block/l1_6"}, {"predicate": {"damaged": 0, "damage": 0.109375}, "model": "block/l1_7"}, {"predicate": {"damaged": 0, "damage": 0.125}, "model": "block/l1_8"}, {"predicate": {"damaged": 0, "damage": 0.140625}, "model": "block/l1_9"}, {"predicate": {"damaged": 0, "damage": 0.15625}, "model": "block/l1_10"}, {"predicate": {"damaged": 0, "damage": 0.171875}, "model": "block/l1_11"}, {"predicate": {"damaged": 0, "damage": 0.1875}, "model": "block/l1_12"}, {"predicate": {"damaged": 0, "damage": 0.203125}, "model": "block/l1_13"}, {"predicate": {"damaged": 0, "damage": 0.21875}, "model": "block/l2_1"}, {"predicate": {"damaged": 0, "damage": 0.234375}, "model": "block/l2_2"}, {"predicate": {"damaged": 0, "damage": 0.25}, "model": "block/l2_3"}, {"predicate": {"damaged": 0, "damage": 0.265625}, "model": "block/l2_4"}, {"predicate": {"damaged": 0, "damage": 0.28125}, "model": "block/l2_5"}, {"predicate": {"damaged": 0, "damage": 0.296875}, "model": "block/l2_6"}, {"predicate": {"damaged": 0, "damage": 0.3125}, "model": "block/l2_7"}, {"predicate": {"damaged": 0, "damage": 0.328125}, "model": "block/l2_8"}, {"predicate": {"damaged": 0, "damage": 0.34375}, "model": "block/l2_9"}, {"predicate": {"damaged": 0, "damage": 0.359375}, "model": "block/l2_10"}, {"predicate": {"damaged": 0, "damage": 0.375}, "model": "block/l2_11"}, {"predicate": {"damaged": 0, "damage": 0.390625}, "model": "block/l2_12"}, {"predicate": {"damaged": 0, "damage": 0.40625}, "model": "block/l2_13"}, {"predicate": {"damaged": 0, "damage": 0.421875}, "model": "block/l2_14"}, {"predicate": {"damaged": 0, "damage": 0.4375}, "model": "block/l2_15"}, {"predicate": {"damaged": 0, "damage": 0.453125}, "model": "block/l2_16"}, {"predicate": {"damaged": 0, "damage": 0.46875}, "model": "block/l2_17"}, {"predicate": {"damaged": 0, "damage": 0.484375}, "model": "block/l2_18"}, {"predicate": {"damaged": 0, "damage": 0.5}, "model": "block/l2_19"}, {"predicate": {"damaged": 0, "damage": 0.515625}, "model": "block/l2_20"}, {"predicate": {"damaged": 0, "damage": 0.53125}, "model": "block/l3_1"}, {"predicate": {"damaged": 0, "damage": 0.546875}, "model": "block/l3_2"}, {"predicate": {"damaged": 0, "damage": 0.5625}, "model": "block/l3_3"}, {"predicate": {"damaged": 0, "damage": 0.578125}, "model": "block/l1_14"}, {"predicate": {"damaged": 1, "damage": 0}, "model": "item/leather_boots"}], "parent": "item/generated"}