{
    "parent": "block/block",
    "elements": [
        {   "from": [ -8, -8, -8 ],
            "to": [ 24, 24, 24 ],
            "faces": {
                "down":  { "uv": [0,0,16,16], "texture": "#down", "cullface": "down", "tintindex": 0 },
                "up":    { "uv": [0,0,16,16],"texture": "#up", "cullface": "up", "tintindex": 0 },
                "north": { "uv": [0,0,16,16],"texture": "#north", "cullface": "north", "tintindex": 0 },
                "south": { "uv": [0,0,16,16],"texture": "#south", "cullface": "south", "tintindex": 0 },
                "west":  { "uv": [0,0,16,16],"texture": "#west", "cullface": "west", "tintindex": 0 },
                "east":  { "uv": [0,0,16,16],"texture": "#east", "cullface": "east", "tintindex": 0 }
            }
        }
    ],
    "display": {
        "head": {
            "rotation": [0,0,0],
            "translation": [0,-18.5, -14],
            "scale": [1.2,1.2,1.2]
        }
    }
}